junction_aa,cluster
CASSRTAGSYEQYF,0
CASSRTSGSYEQYF,0
CASSRRRGSYEQYF,0
CASSSRRGSYEQYF,0
CASSRTSVSYEQYF,0
CASSRTSGSNEQYF,0
CASSRRSGSYEQYF,0
CASSFTSGSYEQYF,0
CASSPTSGSYEQYF,0
CASSRTSGAYEQYF,0
CASSLEMNTEAFF,1
CASSLSMNTEAFF,1
CASSFEGNTEAFF,1
CASSFVGNTEAFF,1
CASSLGANTEAFF,1
CASSLGQNTEAFF,1
CASSLGGNTEAFF,1
CASSFTGNTEAFF,1
CASSLTANTEAFF,1
CASSLTGNTEAFF,1
CASSLDRGTEAFF,1
CASSLDRNTEAFF,1
CASSLTRNTEAFF,1
CASSLTSNTEAFF,1
CASSSDRNTEAFF,1
CASSLVGNTEAFF,1
CASSLVPNTEAFF,1
CASSLDLNTEAFF,1
CASSRDLNTEAFF,1
CASSLQGNTEAFF,1
CASSLQGTTEAFF,1
CASSGGGNTEAFF,1
CASSIQMNTEAFF,1
CASSSQMNTEAFF,1
CASSSGQNTEAFF,1
CASSLGRNTEAFF,1
CASSLDMNTEAFF,1
CASSHQGNTEAFF,1
CASSIQGNTEAFF,1
CASSPGQNTEAFF,1
CASSSMMNTEAFF,1
CASSEQMNTEAFF,1
CASSSDLNTEAFF,1
CASSSSLNTEAFF,1
CASSADLNTEAFF,1
CASSVEGNTEAFF,1
CASSVTGNTEAFF,1
CASSIGRNTEAFF,1
CASSLGQSTEAFF,1
CASSLSFNTEAFF,1
CASSPRQNTEAFF,1
CASSRPLNTEAFF,1
CASSPGALNTEAFF,2
CASSPGGLNTEAFF,2
CVSSPGALNTEAFF,2
CASSLNYEQYF,3
CASSLSYEQYF,3
CASSDSYEQYF,3
CASSISYEQYF,3
CASSTDYEQYF,3
CASSVDYEQYF,3
CASSKGYEQYF,3
CASSVGYEQYF,3
CASSLGYEQYF,3
CASSGSYEQYF,3
CASSYSYEQYF,3
CASSLGREQYF,3
CASSAGVEQYF,3
CASSVGVEQYF,3
CASSTGVEQYF,3
CASSLVNEQYF,3
CASSLVYEQYF,3
CASSEVYEQYF,3
CASSTTYEQYF,3
CASRVGYEQYF,3
CASREGYEQYF,3
CASRELYEQYF,3
CASSELNTEAFF,4
CASSLLNTEAFF,4
CASSLGNTEAFF,4
CASSLQNTEAFF,4
CASSLLGTEAFF,4
CASSLSGTEAFF,4
CASSEGNTEAFF,4
CASSYGNTEAFF,4
CASSSLGTEAFF,4
CASSPGDTEAFF,4
CASSYGDTEAFF,4
CASSLLWTEAFF,4
CASSYVDTEAFF,4
CASSSRGTEAFF,4
CASSSRSTEAFF,4
CASSQGDGSNQPQHF,5
CASSQGPGSNQPQHF,5
CASSPGGVYGYTF,6
CASSSGGVYGYTF,6
CASSSGGGYGYTF,6
CASSSGTVYGYTF,6
CASSRGTVYGYTF,6
CASSEDSNQPQHF,7
CASSSDSNQPQHF,7
CASSLNSNQPQHF,7
CASSLYSNQPQHF,7
CASSAYSNQPQHF,7
CASSENSNQPQHF,7
CASSWDSNQPQHF,7
CASSPDSNQPQHF,7
CASSPGSNQPQHF,7
CASSQNSNQPQHF,7
CASSSISNQPQHF,7
CASSRLAGAYEQYF,8
CASSRLAGTYEQYF,8
CASSEAGGYGYTF,9
CASSLAGGYGYTF,9
CASSPAGGYGYTF,9
CASTPAGGYGYTF,9
CASSLIGGYGYTF,9
CASSLAGDYGYTF,9
CASTEAGGYGYTF,9
CASSFASGRAFF,10
CASSLASGRAFF,10
CASSFGGAGNTIYF,11
CASSLGGAGNTIYF,11
CASSFGGSGNTIYF,11
CASSLQGAGNTIYF,11
CASSLYGAGNTIYF,11
CASSLPGTGNTIYF,11
CASSLQGTGNTIYF,11
CASSPGGAGNTIYF,11
CASSNQGTGNTIYF,11
CASSLGGRGNTIYF,11
CASSPTGAGNTIYF,11
CASSQRPGQSNEKLFF,12
CASSRRPGQSNEKLFF,12
CASSLNTEAFF,13
CASSPNTEAFF,13
CAGRLNTEAFF,13
CASRLNTEAFF,13
CASSRNTEAFF,13
CASRINTEAFF,13
CASSLGTEAFF,13
CASSTGTEAFF,13
CASSVNTEAFF,13
CASQVNTEAFF,13
CASSLRTEAFF,13
CASSPTGTYEQYF,14
CASSRTGTYEQYF,14
CASSRGGSYEQYF,14
CASSRQGSYEQYF,14
CASSGGGTYEQYF,14
CASSRGGTYEQYF,14
CASSGGGSYEQYF,14
CASSRGPIYEQYF,14
CASSRGPSYEQYF,14
CASSGGISYEQYF,14
CASSLVAGYEQYF,14
CASSLVGGYEQYF,14
CASSGTGSYEQYF,14
CASSWTGSYEQYF,14
CASSRTGEHEQYF,14
CASSRTGEYEQYF,14
CASSPTGSYEQYF,14
CASSPLGSYEQYF,14
CASSLVGSYEQYF,14
CASTWTGSYEQYF,14
CASSPQGSYEQYF,14
CASSLRGSYEQYF,14
CASSRVPSYEQYF,14
CASSLEGSYEQYF,14
CASSLTGGYEQYF,14
CASSRTGGYEQYF,14
CASSGGDSYEQYF,14
CASSLVVGYEQYF,14
CASSRTGVHEQYF,14
CASSLTGNYGYTF,15
CASSWTGNYGYTF,15
CASSRTGNYGYTF,15
CASSLPGNYGYTF,15
CASRPTGFYGYTF,15
CASSPTGFYGYTF,15
CASSLPGAYGYTF,15
CASSLTGSYGYTF,15
CASSLTGAYGYTF,15
CASSPTGAYGYTF,15
CASSLADSYGYTF,15
CASSLAESYGYTF,15
CASSLPGARGYTF,15
CASSLTESYGYTF,15
CASSLDGSYGYTF,15
CASSPDSYEQYF,16
CASSRDSYEQYF,16
CASSRSSYEQYF,16
CASSRTSYEQYF,16
CASSPRSYEQYF,16
CASSVSSYEQYF,16
CASSYSSYEQYF,16
CASSWDSYEQYF,16
CASSSSSYEQYF,16
CASSSHSYEQYF,16
CASSPDGYEQYF,16
CASSPRPYEQYF,16
CASSRTEYEQYF,16
CASSRDLYEQYF,16
CASSSEGKPQHF,17
CASSSKGKPQHF,17
CASSQAGELFF,18
CASSYAGELFF,18
CASSPGGDGYTF,19
CASSPTGDGYTF,19
CASSRTGDGYTF,19
CASSPGGSGYTF,19
CASSLGSGELFF,20
CASSTGSGELFF,20
CASSVGAGGVNYGYTF,21
CASSVGSGGVNYGYTF,21
CASSRGTGTSEQYF,22
CASSRGTGWSEQYF,22
CASSSGGGAEQYF,23
CASSSGTGAEQYF,23
CASSLGTGAEQYF,23
CASSPGQGYEQYF,23
CASSPPQGYEQYF,23
CASSLGPGYEQYF,23
CASSLPPGYEQYF,23
CASSLGQGYEQYF,23
CASSRGQGYEQYF,23
CASSLGQGGEQYF,23
CASSPGQGGEQYF,23
CASSLDRGGEQYF,23
CASSLDRGYEQYF,23
CASSPGGGYEQYF,23
CASSLNQGYEQYF,23
CASSLNRGYEQYF,23
CASSPTQGYEQYF,23
CASSYDRGYEQYF,23
CASSYDGGYEQYF,23
CASSLGTGGEQYF,23
CASSPGQGGEQFF,23
CASSLTGASSYEQYF,24
CASSPTGASSYEQYF,24
CASSPTGSSSYEQYF,24
CASSLGQGYNEQFF,25
CASSLGSGYNEQFF,25
CASSLEQGYNEQFF,25
CASSLPSGYNEQFF,25
CAGGGQGLPEQYF,26
CASGGQGLPEQYF,26
CASSRTGGTEAFF,27
CASSRTGRTEAFF,27
CASSNTGGTEAFF,27
CASSREPGTYNEQFF,28
CASSRGPGTYNEQFF,28
CASSLAGSSGNTIYF,29
CASSLAGSYGNTIYF,29
CASSLEGSAGNTIYF,29
CASSLEGSSGNTIYF,29
CASSQRGSSYEQYF,30
CASSQSGSSYEQYF,30
CASSFSGSSYEQYF,30
CASSNSGSSYEQYF,30
CASRFSGSSYEQYF,30
CASSLLSIVNTEAFF,31
CASSLLSIVNTEASF,31
CASSLSNSPLHF,32
CASSLYNSPLHF,32
CASSLQGGGYTF,33
CASSLQGYGYTF,33
CASSGQGYGYTF,33
CASSLGGYGYTF,33
CASNGQGYGYTF,33
CASRATGGSYEQYF,34
CASRDTGGSYEQYF,34
CASRGTGGSYEQYF,34
CASRGTGTSYEQYF,34
CASRGTSGSYEQYF,34
CASSLTTYEQYF,35
CASSPTTYEQYF,35
CASSLKSYEQYF,35
CASSLQSYEQYF,35
CASSLGDYEQYF,35
CASSLTDYEQYF,35
CASSLGPYEQYF,35
CASSLQHYEQYF,35
CASSLTFYEQYF,35
CASSLGSYEQYF,35
CASSLSTYEQYF,35
CASSLLFYEQYF,35
CASSSGPYEQYF,35
CASSLLNYEQYF,35
CASSLAGGNQPQHF,36
CASSQAGGNQPQHF,36
CASSLSGGGQPQHF,36
CASSLSGGNQPQHF,36
CAGSPDTTSKQYF,37
CASSPDTTSKQYF,37
CAWSDRDGIYEQCF,38
CAWSDRDGIYEQCL,38
CAWSDRDGIYEQYF,38
CASSQGEGQPQHF,39
CATSQGEGQPQHF,39
CASSIQGSGANVLTF,40
CASSKQGSGANVLTF,40
CASSVQGSGANVLTF,40
CASSIGQPHQPQHF,41
CASSVGQPHQPQHF,41
CASSVGQGHQPQHF,41
CASSLAGGGYEQYF,42
CASSLAGGRYEQYF,42
CASSLAWGGYEQYF,42
CASSLAYGGYEQYF,42
CASSRTSGNSYEQYF,43
CASSRTSGSSYEQYF,43
CASKRTSGSSYEQYF,43
CASSTTSGSSYEQYF,43
CASSTTSSSSYEQYF,43
CASSIRDGAYEQYF,44
CASSIRDGSYEQYF,44
CASSRGTSGSYEQYF,45
CASSYGTSGSYEQYF,45
CASSRGTSGIYEQYF,45
CASSRGTSGTYEQYF,45
CASREGGTNEKLFF,46
CASRGGGTNEKLFF,46
CASRDGGTNEKLFF,46
CASREGGPNEKLFF,46
CASSEDRRNTEAFF,47
CASSKDRRNTEAFF,47
CASSQDRRNTEAFF,47
CASSEGRRNTEAFF,47
CASSKRTGGNTEAFF,48
CASSLRTGGNTEAFF,48
CASSLEGSSYEQYF,49
CASSLETSSYEQYF,49
CASSLGGSSYEQYF,49
CASSLTGSSYEQYF,49
CASSVEGSSYEQYF,49
CASSLGPGNYEQYF,49
CASSLGTGNYEQYF,49
CASSLVGSSYEQYF,49
CASSLGTSSYEQYF,49
CASSLGGLSYEQYF,49
CASSLGPGAYEQYF,49
CASSPTGSSYEQYF,49
CASSLGTSNYEQYF,49
CASSLTASSYEQYF,49
CASSLGTSGYEQYF,49
CASSLGAGAYEQYF,49
CASSLGLSYEQYF,50
CASSLTLSYEQYF,50
CASSLTPSYEQYF,50
CASSLIPSYEQYF,50
CASSLTKSYEQYF,50
CASSLTPTYEQYF,50
CAWSVQGNTEAFF,51
CAWSVQLNTEAFF,51
CASSVQLNTEAFF,51
CAWSVSGNTEAFF,51
CNARDRDTEAFF,52
CSARDRDTEAFF,52
CASSLAGATYEQYF,53
CASSLAGTTYEQYF,53
CASSLAGSTYEQYF,53
CASSLGGSNQPQHF,54
CASSQGGSNQPQHF,54
CASSLHGSNQPQHF,54
CASSLEGSNQPQHF,54
CASSVEGSNQPQHF,54
CASSREGSNQPQHF,54
CASSRGGSNQPQHF,54
CASSSGGSNQPQHF,54
CASSLRDRNQPQHF,55
CASSLRGRNQPQHF,55
CASSPTGGGYGYTF,56
CASSPTTGGYGYTF,56
CASSSTGLGSPLHF,57
CASSVTGLGSPLHF,57
CASSMTGIGSPLHF,57
CASSMTGLGSPLHF,57
CASSMTGVGSPLHF,57
CASSYTGIGSPLHF,57
CASSFSSGPYEQYF,58
CASSYSSGPYEQYF,58
CASSSGQGNSPLHF,59
CASSSGQGTSPLHF,59
CASSSGQYNSPLHF,59
CASSSGQDNSPLHF,59
CASSRGQGNSPLHF,59
CASSQDRAYEQYF,60
CASSRDRAYEQYF,60
CASSRDLAYEQYF,60
CASSRDLSYEQYF,60
CASSLLGGNTEAFF,61
CASSLQGGNTEAFF,61
CASSLSGGNTEAFF,61
CASSLWGGNTEAFF,61
CASSLQGGGTEAFF,61
CASSLAGGNTEAFF,61
CASSELGGNTEAFF,61
CASSLVGGNTEAFF,61
CASSLQGSGTEAFF,61
CASSLQGPNTEAFF,61
CASSLWSGNTEAFF,61
CASSLSGENTEAFF,61
CASSLLGENTEAFF,61
CASSLLTGNTEAFF,61
CASNLQGGNTEAFF,61
CASSLQGPNTEALF,61
CASSYQGASSGANVLTF,62
CASSYQGVSSGANVLTF,62
CASSYQGLSSGANVLTF,62
CASSLGGDNEKLFF,63
CASSLGGQNEKLFF,63
CASSLSGDNEKLFF,63
CASSLDRDQPQHF,64
CASSLVRDQPQHF,64
CASSLDRTQPQHF,64
CSIPGGGEKLFF,65
CSVPGGGEKLFF,65
CASSAGGNYGYTF,66
CASSYGGNYGYTF,66
CASSAAGNYGYTF,66
CASSEGGNYGYTF,66
CASSQAGNYGYTF,66
CASSQVGNYGYTF,66
CASSQVGGYGYTF,66
CASSQVGHYGYTF,66
CASSQLGGYGYTF,66
CASSQVLNYGYTF,66
CASSRKPNTEAFF,67
CASSRQPNTEAFF,67
CASSRGPNTEAFF,67
CASRGTDYGYTF,68
CASRGTVYGYTF,68
CASSSGATYEQYF,69
CASSSGTTYEQYF,69
CASSSGHTYEQYF,69
CASSVGTTYEQYF,69
CASSGGGMNTEAFF,70
CASSGGGRNTEAFF,70
CASSDGGMNTEAFF,70
CASSLSATRGGPQETQYF,71
CASSLSATRGGPQGTQYF,71
CASSITGTGGNEQYF,72
CASSVTGTGGNEQYF,72
CASSTLAGQEQYF,73
CASSTLAGYEQYF,73
CASSTSAGYEQYF,73
CAWKGGQRQPQHF,74
CAWRGGQRQPQHF,74
CASSLEGDEQYF,75
CASSLEGGEQYF,75
CSARDTGRYGYTF,76
CSARDTGSYGYTF,76
CASREPGTGDTGELFF,77
CASRHPGTGDTGELFF,77
CASRDPGTGDTGELFF,77
CASSSGLVYEQYF,78
CASSSGNVYEQYF,78
CASSSAGVYEQYF,78
CASSSGGVYEQYF,78
CTSSSGLVYEQYF,78
CASSRTGQSYEQYF,79
CASSRTGQTYEQYF,79
CASSLVEGEQYF,80
CASSLVLGEQYF,80
CASSLVVGEQYF,80
CASSLGTQSSYEQYF,81
CASSLGTSSSYEQYF,81
CASSLDGEQYF,82
CASSLMGEQYF,82
CASSLDFEQYF,82
CASSGTAGNTIYF,83
CASSWTAGNTIYF,83
CASRFSGANVLTF,84
CASSFSGANVLTF,84
CASSFAGANVLTF,84
CASRDSGANVLTF,84
CASSPSGANVLTF,84
CASSPVGANVLTF,84
CAGSPYRGSFYEQYF,85
CASSPYRGSFYEQYF,85
CATSRDGYEQYF,86
CATSRDRYEQYF,86
CATSRVGYEQYF,86
CASSLQGFEQYF,87
CASSLQGNEQYF,87
CASSLAQGGTEAFF,88
CASSLAQKGTEAFF,88
CASSLAPGGTEAFF,88
CASSAGTGQGQPQHF,89
CASSPGTGQGQPQHF,89
CASSPGTGVGQPQHF,89
CASRLGQGISYEQYF,90
CASRLGQGSSYEQYF,90
CASSNRVGEQYF,91
CASSNRVLEQYF,91
CASSLKVAVSEQYF,92
RASSLKVAVSEQYF,92
CASSSSGLSYEQYF,93
CASSSSGRSYEQYF,93
CASSSPGRSYEQYF,93
CASSKGANTGELFF,94
CASSVGANTGELFF,94
CASTLGVNTEAFF,95
CASTSGVNTEAFF,95
CASSLMGARYGYTF,96
CASSLQGARYGYTF,96
CASGREALGAGELFF,97
CASRREALGAGELFF,97
CASSLGGRRNYGYTF,98
CASSLGGRTNYGYTF,98
CSARPGGNTIYF,99
CSARRGGNTIYF,99
CASSLSLGGNTEAFF,100
CASSLSRGGNTEAFF,100
CASSPTALYGYTF,101
CASSPTANYGYTF,101
CASSFGGTSYEQYF,102
CASSKGGTSYEQYF,102
CASSFGGGSYEQYF,102
CASSFGGTAYEQYF,102
CASSGGRATNEKLFF,103
CASSNGRATNEKLFF,103
CASSPAANTEAFF,104
CASSPVANTEAFF,104
CASSPVVNTEAFF,104
CASSFLFNTEAFF,105
CASSFLQNTEAFF,105
CASSEDSYTGELFF,106
CASSENSYTGELFF,106
CASSKGGNQPQHF,107
CASSQGGNQPQHF,107
CASSPRGNQPQHF,107
CASSPSGNQPQHF,107
CASSIGGNQPQHF,107
CASSESGNQPQHF,107
CASSIRGNQPQHF,107
CASSESGPQPQHF,107
CASSPLPGNQPQHF,108
CASSPLQGNQPQHF,108
CASSPGQGNQPQHF,108
CASSQGQGNQPQHF,108
CASSPGTGNTEAFF,109
CASSSGTGNTEAFF,109
CASSPGTVNTEAFF,109
CASSPQTVNTEAFF,109
CASSQASGNTIYF,110
CASSQHSGNTIYF,110
CASSGASGNTIYF,110
CASSPGSGNTIYF,110
CASSQGSGNTIYF,110
CASSPGGGNTIYF,110
CASSWGSGNTIYF,110
CASSLDRGYNEQFF,111
CASSRDRGYNEQFF,111
CASSYSRASSGNTIYF,112
CASSYSRPSSGNTIYF,112
CASRDRAATEAFF,113
CASRDRAFTEAFF,113
CASSRDKGKGNTIYF,114
CASSRDRGKGNTIYF,114
CASSAGAGLSPLHF,115
CASSAGAGTSPLHF,115
CAGSAGAGTSPLHF,115
CASSFNRGGYEQYF,116
CASSFYRGGYEQYF,116
CASSENGGNQPQHF,117
CASSENGWNQPQHF,117
CSAGSGRGMNTEAFF,118
CSAGTGRGMNTEAFF,118
CASSLGGTGELFF,119
CASSLVGTGELFF,119
CASSLRRGNYEQYF,120
CASSLTRGNYEQYF,120
CASSLRRGPYEQYF,120
CASSPQTGSFYEQYF,121
CASSPQTGSPYEQYF,121
CASSLDRGGYTF,122
CASSLDRVGYTF,122
CASSEGTYGYTF,123
CASSEGYYGYTF,123
CASSGGYYGYTF,123
CASSLRVANEKLFF,124
CASSLTVANEKLFF,124
CASSARTGADEQFF,125
CASSPRTGADEQFF,125
CASSRGQLNTEAFF,126
CASSYGQLNTEAFF,126
CASSLGQLNTEAFF,126
CASSERQGSNTEAFF,127
CASSLRQGSNTEAFF,127
CASGPSGSYEQYF,128
CASGPSPSYEQYF,128
CASGHSGSYEQYF,128
CASSPPSSGANVLTF,129
CASSPPTSGANVLTF,129
CASSFQGGGEKLFF,130
CASSFQGLGEKLFF,130
CASSFYGGGEKLFF,130
CASSLQGLGEKLFF,130
CASSKGGRDSNQPQHF,131
CASSPGGRDSNQPQHF,131
CASSDSGTGDYEQYF,132
CASSQSGTGDYEQYF,132
CASSEGLAGPYEQYF,133
CASSLGLAGPYEQYF,133
CASSFRDRGGEQYF,134
CASSSRDRGGEQYF,134
CAWTGDYGYTF,135
CAWTGGYGYTF,135
CASRGYNEQFF,136
CASRVYNEQFF,136
CASASGSSYEQYF,137
CASLSGSSYEQYF,137
CAWSLAGGTEAFF,138
CAWSVAGGTEAFF,138
CASSFNSGANVLTF,139
CASSLNSGANVLTF,139
CASSSGAGANVLTF,139
CASSSGTGANVLTF,139
CASSDGAGANVLTF,139
CASSSGSGANVLTF,139
CASSSISGANVLTF,139
CASSLGSGANVLTF,139
CASSLGPGANVLTF,139
CASSQKRGNTIYF,140
CASSQVRGNTIYF,140
CASSQVFGNTIYF,140
CASSQDPGSGNTIYF,141
CASSQDSGSGNTIYF,141
CASSDSSNQPQHF,142
CASSISSNQPQHF,142
CASRTGGNTEAFF,143
CASRTGPNTEAFF,143
CASRTGTNTEAFF,143
CASRIGPNTEAFF,143
CASSLGRGEQYF,144
CASSLGYGEQYF,144
CASSLGAGEQYF,144
CASSLGFGEQYF,144
CASSLGQGEQYF,144
CASSTGQGEQYF,144
CASSLGQGSYEQYF,145
CASSLGQGTYEQYF,145
CASSFGQGTYEQYF,145
CASSPGQGTYEQYF,145
CASSLGRGTYEQYF,145
CASSLGQGPYEQYF,145
CASSQGQGTYEQYF,145
CASSQGQGPYEQYF,145
CASSVGQGPYEQYF,145
CASSVGSGPYEQYF,145
CASSLGQGTHEQYF,145
CASSLGQGIYEQYF,145
CASSIGQGIYEQYF,145
CASSAGQGSYEQYF,145
CASSAGQISYEQYF,145
CASSLGQKTYEQYF,145
CASSVGQGGYEQYF,145
CASSVGTGPYEQYF,145
CASSLGLGIYEQYF,145
CASSPEPDTQYF,146
CASSPSPDTQYF,146
CASSLAGGGGSPYEQYF,147
CASSLAGWGGSPYEQYF,147
CASSLDNRGTIGYTF,148
CASSLDNRGTYGYTF,148
CASSLDNRGPYGYTF,148
CASSLDNRGSYGYTF,148
CASSLDNRGNYGYTF,148
CASSPRGESYNSPLHF,149
CASSPRGPSYNSPLHF,149
CASSQVGYEQYF,150
CASSSVGYEQYF,150
CASSSMGYEQYF,150
CASSQGGYEQYF,150
CASSSPGYEQYF,150
CASSTGGYEQYF,150
CASSKARGNQPQHF,151
CASSPARGNQPQHF,151
CASSKSSYNSPLHF,152
CASSYSSYNSPLHF,152
CASSPSSYNSPLHF,152
CASSLSSYNSPLHF,152
CASRKSSYNSPLHF,152
CASSLRPPYEQYF,153
CASSLRSPYEQYF,153
CASRIRNEKLFF,154
CASRITNEKLFF,154
CASSQDGNTIYF,155
CASSQSGNTIYF,155
CASSPLGNTIYF,155
CASSPSGNTIYF,155
CASSQGGNTIYF,155
CASSRTFNQPQHF,156
CASSRTLNQPQHF,156
CASSRTGNQPQHF,156
CASSFRGGDNEKLFF,157
CASSFRGGVNEKLFF,157
CASSPGTGFYEQYF,158
CASSPGTGLYEQYF,158
CASSSQASGNTIYF,159
CASSSQGSGNTIYF,159
CASSSAGSGNTIYF,159
CASRGTGGYEQYF,160
CASRGTGIYEQYF,160
CASRRAAGNTIYF,161
CASSRAAGNTIYF,161
CASSAGLAGGYEQYF,162
CASSAGLAGVYEQYF,162
CASSLEGTGSYEQYF,163
CASSLWGTGSYEQYF,163
CASSLWGTGPYEQYF,163
CASSLSRPNEKLFF,164
CASSLVRPNEKLFF,164
CASSLGRPNEKLFF,164
CASSPDTNYGYTF,165
CASSPDTPYGYTF,165
CASSPATNYGYTF,165
CASSPDTPYGCTF,165
CASRTGGSYEQYF,166
CASRTGSSYEQYF,166
CASSEQGPGANVLTF,167
CASSEQGTGANVLTF,167
CASSADRDYGYTF,168
CASSADRRYGYTF,168
CASSFRSSYNEQFF,169
CASSFSSSYNEQFF,169
CASSLGVSGNTIYF,170
CASSSGVSGNTIYF,170
CASSLGHSGNTIYF,170
CASSLQVSGNTIYF,170
CSVDSSRDGYTF,171
CSVDSTRDGYTF,171
CASSITGGSYEQYF,172
CASSITGLSYEQYF,172
CAWSLDNEAFF,173
CAWSLDREAFF,173
CASSLEGRQDTQYF,174
CASSLEGRTDTQYF,174
CASSLGATSGGLQYF,175
CASSWGATSGGLQYF,175
CASSFGRRYEQYF,176
CASSLGRRYEQYF,176
CASSLGNRYEQYF,176
CASSGTGANVLTF,177
CASSVTGANVLTF,177
CASSPGDGQPQHF,178
CASSPGVGQPQHF,178
CASSPIVGQPQHF,178
CAWARDTFSGNTIYF,179
CAWSRDTFSGNTIYF,179
CASSLLGTGYEQYF,180
CASSLRGTGYEQYF,180
CASSLDGGVTEAFF,181
CASSLTGGVTEAFF,181
CASSTRQGAYEQYF,182
CASSWRQGAYEQYF,182
CASSFRQGAYEQYF,182
CASSLGGPQNSPLHF,183
CASSLGGPSNSPLHF,183
CASGEGNSPLHF,184
CASREGNSPLHF,184
CASSAGVGNQPQHF,185
CASSEGVGNQPQHF,185
CASSEGVSNQPQHF,185
CASSLEGFNSPLHF,186
CASSLEGSNSPLHF,186
CASSLEGGNSPLHF,186
CASSLGGGNSPLHF,186
CASSLGTVNEKLFF,187
CASSLRTVNEKLFF,187
CASSYSTLGNSPLHF,188
CASSYSTQGNSPLHF,188
CASGFGGSSYNEQFF,189
CASSFGGSSYNEQFF,189
CASSEQGRNYGYTF,190
CASSESGRNYGYTF,190
CASSEGVREQYF,191
CASSEGVWEQYF,191
CASSERAFSLLHF,192
CASSERAFSPLHF,192
CASSYRDRGDYEQYF,193
CASSYRDRGLYEQYF,193
CASSLGGRTYEQYF,194
CASSLGTRTYEQYF,194
CASSIGGRTYEQYF,194
CASSLPGRTYEQYF,194
CASSLDGRTYEQYF,194
CASSRGGRTYEQYF,194
CASSFLGQGYSPLHF,195
CASSPLGQGYSPLHF,195
CASSPGQLNYGYTF,196
CASSPGQYNYGYTF,196
CASSTQGARSPLHF,197
CASSTQGNRSPLHF,197
CASSRQGARSPLHF,197
CASSLANYGYTF,198
CASSLLNYGYTF,198
CASSLLDYGYTF,198
CASSWSPTGELFF,199
CASSWTPTGELFF,199
CASSIKGDTEAFF,200
CASSMKGDTEAFF,200
CASSMKGNTEAFF,200
CASSPGAGNSPLHF,201
CASSYGAGNSPLHF,201
CASSLGSGGGNQPQHF,202
CASSLLSGGGNQPQHF,202
CASSHGLSGNTIYF,203
CASSQGLSGNTIYF,203
CASSSRGGAYEQYF,204
CASSSVGGAYEQYF,204
CASSFAGGTYEQYF,205
CASSFASGTYEQYF,205
CASSLNRGNTIYF,206
CASSLNSGNTIYF,206
CASSANSGNTIYF,206
CASSLVDGNTIYF,206
CASSLVSGNTIYF,206
CASSLALTEAFF,207
CASSLELTEAFF,207
CASSFFTGELFF,208
CASSFGTGELFF,208
CASSRDRDHSPLHF,209
CASSRDRDNSPLHF,209
CASSRDRTNSPLHF,209
CASSQRGANTEAFF,210
CASSSRGANTEAFF,210
CASSSRGAGTEAFF,210
CASSSTGGEQYF,211
CASSSTRGEQYF,211
CASSLTGDSNQPQHF,212
CASSQTGDSNQPQHF,212
CASSLKGDSNQPQHF,212
CASSNFDSMNTEAFF,213
CASSPFDSMNTEAFF,213
CASSLDRGSYEQYF,214
CASSLDRSSYEQYF,214
CASSLDRGSSEQYF,214
CASSPAGGGNQPQHF,215
CASSPAWGGNQPQHF,215
CASSPAGDGNQPQHF,215
CASSGQGGNQPQHF,216
CASSGQGRNQPQHF,216
CASSGQGTNQPQHF,216
CASSLVVDTEAFF,217
CASSLVVRTEAFF,217
CASSLGLAGRPSYEQYF,218
CASSLGLAGRTSYEQYF,218
CASSGTGGAYEQYF,219
CASSGTGGGYEQYF,219
CASSGTSGGYEQYF,219
CASSANPWGDTEAFF,220
CASSANPWGGTEAFF,220
CASSYIQGDEAFF,221
CASSYIQGTEAFF,221
CASSQGQGNYGYTF,222
CASSQGQRNYGYTF,222
CASSTGQGNYGYTF,222
CASSFRSGNTIYF,223
CASSFTSGNTIYF,223
CASSRTSGNTIYF,223
CASSQDVGRANYGYTF,224
CASSQEVGRANYGYTF,224
CASSLGEKLFF,225
CASSLSEKLFF,225
CASRGQGNTEAFF,226
CASRGWGNTEAFF,226
CASRGQLNTEAFF,226
CASRGWVNTEAFF,226
CASSVAGTYEQYF,227
CASSVRGTYEQYF,227
CASRLTGANTEAFF,228
CASRSTGANTEAFF,228
CASSLGIRQPQHF,229
CASSLGPRQPQHF,229
CASSKGTGGNTIYF,230
CASSLGTGGNTIYF,230
CASSLAREAFF,231
CASSLEREAFF,231
CASSLYREAFF,231
CASSQEQAIYGYTF,232
CVSSQEQAIYGYTF,232
CASSELAGGQETQYF,233
CASSLLAGGQETQYF,233
CASSGEGAGANVLTF,234
CASSGSGAGANVLTF,234
CASSLAGRSSYNEQFF,235
CASSLAGTSSYNEQFF,235
CASSLAGSSSYNEQFF,235
CASSLQGQDEQYF,236
CASSLQGRDEQYF,236
CASSLIGRDEQYF,236
CASSFSSYGYTF,237
CASSLSSYGYTF,237
CASSLEGASNSPLHF,238
CASSLEGTSNSPLHF,238
CASSSNNYGYTF,239
CASSYNNYGYTF,239
CASSSRNYGYTF,239
CASSFGLEQYF,240
CASSFGNEQYF,240
CAWKGGLGMNTEAFF,241
CAWNGGLGMNTEAFF,241
CASSLTGGEEKLFF,242
CASSLTGGYEKLFF,242
CASSLTGGEKKLFF,242
CASSLVAGANTEAFF,243
CASSLVAGVNTEAFF,243
CASSSGLATDTQYF,244
CASSSGLAVDTQYF,244
CASSLTGGLNTEAFF,245
CASSLTGKLNTEAFF,245
CASSLSGGLNTEAFF,245
CASSLSAGLNTEAFF,245
CASRLGTAGYNEQFF,246
CASRLGTSGYNEQFF,246
CASSLSHGQGDYGYTF,247
CASSLSPGQGDYGYTF,247
CASSLGTKNTEAFF,248
CASSLGTTNTEAFF,248
CASSLGSKNTEAFF,248
CASSFQGAISHGYAF,249
CASSFQGAISHGYTF,249
CASSVGAGSSYEQYF,250
CASSVGWGSSYEQYF,250
CSALGASLNTEAFF,251
CSAPGASLNTEAFF,251
CSARDPRLNTEAFF,252
CSARDPRTNTEAFF,252
CASSFSNTEAFF,253
CASSVSNTEAFF,253
CASRDRGDQPQHF,254
CASRDRGNQPQHF,254
CASSLGQGDNQPQHF,255
CASSLGQGNNQPQHF,255
CASSLGQGGNQPQHF,255
CASSLYQGGNQPQHF,255
CASSLGQGGNSPLHF,256
CASSLGTGGNSPLHF,256
RASSLGTGGNSPLHF,256
CASTQGYSNQPQHF,257
CASTTGYSNQPQHF,257
CASSQAHEQYF,258
CASSQKHEQYF,258
CASSPDLHTEAFF,259
CASSPDLYTEAFF,259
CASSAVGRASGNIIYF,260
CASSAVGRASGNTIYF,260
CASSPPSTDTQYF,261
CASSYPSTDTQYF,261
CASSPQGANYGYTF,262
CASSPQGFNYGYTF,262
CASSSGSANYGYTF,263
CASSSGSPNYGYTF,263
CASSLLGDSPLHF,264
CASSLTGDSPLHF,264
CASSQGTGGAYEQYF,265
CASSQGTSGAYEQYF,265
CASSLAAGSTDTQYF,266
CASSLARGSTDTQYF,266
CATRGLGYEQYF,267
CATRGLQYEQYF,267
CASSEGTGGGYGYTF,268
CASSLGTGGGYGYTF,268
CASSFATYEQYF,269
CASSGATYEQYF,269
CASSFRRQGAPTEAFF,270
CASSFRRQGAPTEAFL,270
CASSPESEQYF,271
CASSPEVEQYF,271
CASSLQQGAGEQYF,272
CASSLVQGAGEQYF,272
CASSDVDRNYGYTF,273
CASSDVDRTYGYTF,273
CASSPSGGAGQPQHF,274
CASSPSGGEGQPQHF,274
CATSRDLNQPQHF,275
CATSRGLNQPQHF,275
CASSYGHLETQYF,276
RASSYGHLETQYF,276
CASSLGDRPYEQYF,277
CASSQGDRPYEQYF,277
CASSSGDRPYEQYF,277
CASSFESSYNSPLHF,278
CASSQESSYNSPLHF,278
CASSLAPQGAFYGYTF,279
CASSLAPQGANYGYTF,279
CASSELAGGYEQYF,280
CASSELAGIYEQYF,280
CASSPLAGGYEQYF,280
CASSHGGGTEAFF,281
CASSHGGHTEAFF,281
CASSPGGGTEAFF,281
CASSKIPGQGNSPLHF,282
CTSSKIPGQGNSPLHF,282
CASSQEDRYGYTF,283
CASSQEGRYGYTF,283
CASSLEGRYGYTF,283
CASSLNPSDEQYF,284
CASSLNPSHEQYF,284
CASSFTGGGQPQHF,285
CASSRTGGGQPQHF,285
CASSRLAGGLYEQYF,286
CASSRLAGGPYEQYF,286
CASSIAQNIEAFF,287
CASSIAQNTEAFF,287
CASSLSGMGSYEQYF,288
CASSLSGSGSYEQYF,288
CASSFSRGSGNTIYF,289
CASSLSRGSGNTIYF,289
CASSLFRGSGNTIYF,289
CASSLFRGPGNTIYF,289
CASSQGTDGSNQPQHF,290
CASSQGTGGSNQPQHF,290
CASSFDGRAREQYF,291
CASSFGGRAREQYF,291
CASNLPGGTEAFF,292
CASNLVGGTEAFF,292
CASSLDPGQLYEQYF,293
CASSLDPGQSYEQYF,293
CASSPGQGPIYGYTF,294
CASSPGQGPNYGYTF,294
CASSPAQGPIYGYTF,294
CASSEAGGRTEAFF,295
CASSEGGGRTEAFF,295
CASSLEGGGTGELFF,296
CASSLEGGRTGELFF,296
CASSSGSSYNSPLHF,297
CASSSGTSYNSPLHF,297
CASSPDGATNEKLFF,298
CASSPLGATNEKLFF,298
CAWRKTGQTYEQYF,299
CAWRRTGQTYEQYF,299
CASSLGTGGHEQYF,300
CASSLGTGGLEQYF,300
CAWSVGRRGYTF,301
RAWSVGRRGYTF,301
CASSRATENYGYTF,302
CASSRGTENYGYTF,302
CASSLGQPYTEAFF,303
CASSLGQTYTEAFF,303
CASSARGTTNEKLFF,304
CASSLRGTTNEKLFF,304
CSARGTDPYEQYF,305
CSASGTDPYEQYF,305
CASSARTSGEQYF,306
CASSSRTSGEQYF,306
CSALLTDTQYF,307
CSATLTDTQYF,307
CASSVSRNTEAFF,308
CASSVVRNTEAFF,308
CASSVGGANEKLFF,309
CASSVGQANEKLFF,309
CASSPQGGSNQPQHF,310
CASSPQGVSNQPQHF,310
CASSAVPGDYYGHTF,311
CASSAVPGDYYGYTF,311
CARSQGQSSYEQYF,312
CASSQGQSSYEQYF,312
CASSEGGGGSYEQYF,313
CASSEGGSGSYEQYF,313
CARVNDRDLTRDGYAF,314
CARVNDRDLTRDGYTF,314
CASSFWTGVNTEAFF,315
CASSSWTGVNTEAFF,315
CASSLRRRDYNEQFF,316
CASSLRTRDYNEQFF,316
CASSTGGQPQHF,317
CAWSTGGQPQHF,317
CASRRGGTSYEQYF,318
CASTRGGTSYEQYF,318
CSASSQANYGYTF,319
CSASSTANYGYTF,319
CASSSGQGMNTEAFF,320
CASSSGVGMNTEAFF,320
CASRGTANSPLHF,321
CASSGTANSPLHF,321
CASSGGAGEKLFF,322
CASSGGSGEKLFF,322
CASSFRQGLTEAFF,323
CASSFRQGVTEAFF,323
CASSLAFSYEQYF,324
CASSLASSYEQYF,324
CASSLWSSYEQYF,324
CASSQDQGENYEQYF,325
CASSQDVGENYEQYF,325
CSADPTGMNTEAFF,326
CSADRTGMNTEAFF,326
CASRTGSDYGYTF,327
CASRTGSLYGYTF,327
CASSETGVMNTEAFF,328
CASSETGVPNTEAFF,328
CASSERASGSYEQYF,329
CASSPRASGSYEQYF,329
CASSPPIYGYTF,330
CASSPPNYGYTF,330
CASSLIGADSPLHF,331
CASSLVGADSPLHF,331
CSAGTDGNTIYF,332
CSAGTVGNTIYF,332
CASSFGQGYGYTF,333
CASSRGQGYGYTF,333
CASSSDWGTEAFF,334
CASSSGWGTEAFF,334
CASSRGTGHEQYF,335
CASSRRTGHEQYF,335
CASSHGLAGYEQYF,336
CASSKGLAGYEQYF,336
CASGSGDTEAFF,337
CASGTGDTEAFF,337
CASSDIGTGNYGYTF,338
CTSSDIGTGNYGYTF,338
CASSSQQADTQYF,339
CASSSRQADTQYF,339
CSVEEAGYEQYF,340
CSVEEGGYEQYF,340
CSVEESGYEQYF,340
CACVSGNTIYF,341
CASVSGNTIYF,341
CASSLEVNYEQYF,342
CASSLEVNYGQYF,342
CASSHRGNTIYF,343
CASSHTGNTIYF,343
CAGSGAGNQPQHF,344
CASSGAGNQPQHF,344
CASSPEGYYGYTF,345
CASSPSGYYGYTF,345
CASSPPGGEQYF,346
CASSVPGGEQYF,346
CASSLAGKETQYF,347
CASSLNGKETQYF,347
CAGSLNGKETQYF,347
CASSLVESPLHF,348
CASSLVESRLHF,348
CASSQTGLYGYTF,349
CASSSTGLYGYTF,349
CASSFDGRIYEQYF,350
CASSVDGRIYEQYF,350
CASSFQGLNTEAFF,351
CASSFQGQNTEAFF,351
CASSLDGRPNTEAFF,352
CASSLDGRSNTEAFF,352
CASSIDGRPNTEAFF,352
CASSPRQGDYGYTF,353
CASSTRQGDYGYTF,353
CASSLDSSYNSPLHF,354
CASSLLSSYNSPLHF,354
CASSQGENTEAFF,355
CASSQGVNTEAFF,355
CASRQGVNTEAFF,355
CASSPGTVSYEQYF,356
CASSPRTVSYEQYF,356
CASSADRVQPQHF,357
CASSSDRVQPQHF,357
CASSFSGGTEAFF,358
CASSLSGGTEAFF,358
CASSFDGGTEAFF,358
CASSLSGQTEAFF,358
CASSESRSSGNTIYF,359
CASSGSRSSGNTIYF,359
CASSLDAYEQYF,360
CASSLDEYEQYF,360
CASSLRAYEQYF,360
CASSLDEWEQYF,360
CASSPPGTGHYEQYF,361
CASSPPGTGIYEQYF,361
CASSPGQRNTEAFF,362
CASSTGQRNTEAFF,362
CASSQDLAGGPDTQYF,363
CASSQDLAGGRDTQYF,363
CASSGGPGYTF,364
CASSGGYGYTF,364
CASSQKGSYEQYF,365
CASSQKGTYEQYF,365
CASSLFGNTIYF,366
CASSLYGNTIYF,366
CASSRQGGGYEQYF,367
CASSTQGGGYEQYF,367
CASSLDRNYGYTF,368
CASSLDSNYGYTF,368
CASSLDRGDYGYTF,369
CASSVDRGDYGYTF,369
CASSLEGGLNEKLFF,370
CASSLGGGLNEKLFF,370
CAWGPGSGANVLTF,371
CAWGQGSGANVLTF,371
CASSCLAGLYEQYF,372
CASSYLAGLYEQYF,372
CASSPGQGNEKLFF,373
CASSPGQLNEKLFF,373
CASSVDTGGYEQYF,374
CASSVETGGYEQYF,374
CASSPGQGLNTEAFF,375
CASSPGQGTNTEAFF,375
CASSFGQGTNTEAFF,375
CASSRDRGYSYEQYF,376
CASSRDRLYSYEQYF,376
CATSRGAGYEQYF,377
CATSRGGGYEQYF,377
CASSIRGPGELFF,378
CASSVRGPGELFF,378
CASSQRGEQYF,379
CASSQSGEQYF,379
CASSLSGGTGEQYF,380
CASSLSGGTYEQYF,380
CASSPPGLTYEQYF,381
CASSPPGLVYEQYF,381
CASSQDSYGYTF,382
CASSQDYYGYTF,382
CASSLDPVNTEAFF,383
CASSLDVVNTEAFF,383
CASSLAPVNTEAFF,383
CASVNRGPDNGYTF,384
CASVNRGPYNGYTF,384
CASSPDNSNQPQHF,385
CASSPDRSNQPQHF,385
CASSHSGQGDTEAFF,386
CASSHSGTGDTEAFF,386
CASSSGPGTEPSYEQYF,387
CASSSGPGTEPSYEQYL,387
CASSPTLMNTEAFF,388
CTSSPTLMNTEAFF,388
CASSFGGYTEAFF,389
CASSQGGYTEAFF,389
CASSPRGRGTSYEQYF,390
CASSPRGRQTSYEQYF,390
CASSPRGRGSSYEQYF,390
CASSLVAGGNEQFF,391
CASSLVAGGNEQYF,391
CASSQDQGKNTEAFF,392
CASSQDTGKNTEAFF,392
CASSPGRGSTEAFF,393
CASSPLRGSTEAFF,393
CASSIGPPYEQYF,394
CASSTGPPYEQYF,394
CASSPVATNEKLFF,395
CASSSVATNEKLFF,395
CASSAPGLAYEQYF,396
CASSLPGLAYEQYF,396
CASSQDRGGYEQYF,397
CASSQGRGGYEQYF,397
CAGGQGTTYEQYF,398
CASGQGTTYEQYF,398
CASSLGQGATEAFF,399
CASSSGQGATEAFF,399
CASSLGWGATEAFF,399
CASSPRDHSYEQYF,400
CASSPRDSSYEQYF,400
CASSLDSREQYF,401
CASSLHSREQYF,401
CATSTSRDGTADGYTF,402
CATSTSRDRTADGYTF,402
CASSAGGSGANVLTF,403
CASSLGGSGANVLTF,403
CASSLGDSFSYEQYF,404
CASSLGDSNSYEQYF,404
CASSLNQGTEAFF,405
CASSLYQGTEAFF,405
CASSRTRANTEAFF,406
CASSRTRMNTEAFF,406
CASRLTPSSYEQYF,407
CASRMTPSSYEQYF,407
CASSRLASYEQYF,408
CASSVLASYEQYF,408
CASSQDQNTEAFF,409
CASSQDTNTEAFF,409
CSARRGGNTEAFF,410
CSARRGYNTEAFF,410
CASSSSWNEQYF,411
CASSYSWNEQYF,411
CSASRGVGNTIYF,412
CSASRGVGSTIYF,412
CASSELAGGYNEQFF,413
CASSGLAGGYNEQFF,413
CASSPRTGANYGYTF,414
CASSPRTGINYGYTF,414
CASSEGTAGSYEQYF,415
CASSEGVAGSYEQYF,415
CASSPGGVQPQHF,416
CASSPTGVQPQHF,416
CASSWGQENSPLHF,417
CASSWGQFNSPLHF,417
CAISEAGNQPQHF,418
CAISNAGNQPQHF,418
CASSFSSGATGELFF,419
CASSPSSGATGELFF,419
CASSYEGSGANVLTF,420
CASSYEVSGANVLTF,420
CASSIQGARQPQHF,421
CASSMQGARQPQHF,421
CASSLTGVEQYF,422
CASSLVGVEQYF,422
CASSLEGSSWGYTF,423
CASSLEGSSYGYTF,423
CASSKHNTPGQYSSYEQYF,424
CASSKHSTPGQYSSYEQYF,424
