aa_seqs,cluster
CSARTGRGEQYF,474
CASSQGIQETQYF,36
CASSQGIQETQYF,8
CASSTGIGELFF,187
CASSRLAGRETQYF,594
CASSRLAGRETQYF,766
CSARDSGSTDTQYF,383
CASSLGPAGTGELFF,618
CASSIRGAYGYTF,75
CATSGTNYGYTF,151
CASSFRDRGRGTEAFF,914
CASSLSRGHEQYF,134
CASSLSRGHEQYF,437
CASSLSRGHEQYF,27
CASSSGQSPYEQYF,419
CASSSGQSPYEQYF,432
CASSSGQSPYEQYF,28
CASSQPDGNYGYTF,1248
CSARTSGSTDTQYF,362
CSARTSGSTDTQYF,383
CASSLEGGGTYEQYF,61
CSARGLAQETQYF,671
CSASGSTDTQYF,1507
CSASGSTDTQYF,613
CSASGSTDTQYF,618
CSASGSTDTQYF,667
CASSPLAEDTQYF,583
CASSLKRNYGYTF,25
CSVGQGNYGYTF,163
CSVGQGNYGYTF,724
CSAPGQGDYGYTF,223
CSAPGQGDYGYTF,388
CASSLGRGGTYEQYF,57
CASSLGRGGTYEQYF,722
CASSLGRGGTYEQYF,897
CASSLGRGGTYEQYF,9
CASSLGRGGTYEQYF,49
CASSLGGGKNIQYF,1030
CASSSPTANYGYTF,1469
CSATGGNQPQHF,144
CASSLVAPQETQYF,1259
CSASQGSGNQPQHF,1339
CASSLARGANYGYTF,716
CASSLVGLETQYF,238
CASSLVGLETQYF,8
CASSKRNQETQYF,8
CSASGTNTEAFF,427
CASSLGQGAGAFF,17
